,Reaction type,Dimension,Participante,Reaction score,Valence,Arousal,Actor,Start frame,End frame,Start time (min:s),End time (min:s),Participante start time (min:s),Participante end time (min:s),Event ID
0,phasic,valence,1,0.4997974859194671,0.4997974859194671,0.2001990316694696,1,1928.0,1979.0,1:17.120000000000005,1:19.159999999999997,1:24.83,1:26.86999999999999,10
1,phasic,arousal,1,0.3805117571443996,0.19354624332914358,0.3805117571443996,2,5631.0,5796.0,3:45.24000000000001,3:51.84,3:52.95000000000002,3:59.55000000000001,77
2,phasic,valence,2,-0.7070392488942873,-0.7070392488942873,0.3345757451161741,3,5020.0,5428.0,3:20.80000000000001,3:37.120000000000005,3:23.929000000000002,3:40.248999999999995,115
3,phasic,arousal,2,0.3345757451161741,-0.7070392488942873,0.3345757451161741,3,5020.0,5428.0,3:20.80000000000001,3:37.120000000000005,3:23.929000000000002,3:40.248999999999995,115
4,tonic,valence,1,0.08710329382074249,0.08710329382074249,0.0,2,2749.0,2882.0,1:49.959999999999994,1:55.28,1:57.66999999999999,2:2.989999999999995,63
5,tonic,arousal,1,0.0,0.0,0.0,1,661.0,810.0,0:26.44,0:32.4,0:34.15,0:40.11,0
6,tonic,valence,2,-0.19404695620292695,-0.19404695620292695,0.09626281027137318,3,5020.0,5428.0,3:20.80000000000001,3:37.120000000000005,3:23.929000000000002,3:40.248999999999995,115
7,tonic,arousal,2,0.09626281027137318,-0.19404695620292695,0.09626281027137318,3,5020.0,5428.0,3:20.80000000000001,3:37.120000000000005,3:23.929000000000002,3:40.248999999999995,115
