,Reaction type,Dimension,Subject,Reaction score,Actor,Start frame,End frame,Start time (min:s),End time (min:s),Subject start time (min:s),Subject end time (min:s),Event ID
0,phasic,valence,1,0.4997974859194671,1,1928.0,1979.0,1:17.120000000000005,1:19.159999999999997,1:24.83,1:26.86999999999999,10
1,phasic,arousal,1,0.3805117571443996,2,5631.0,5796.0,3:45.24000000000001,3:51.84,3:52.95000000000002,3:59.55000000000001,77
2,phasic,valence,2,-0.7070392488942873,3,5020.0,5428.0,3:20.80000000000001,3:37.120000000000005,3:23.929000000000002,3:40.248999999999995,115
3,phasic,arousal,2,0.3345757451161741,3,5020.0,5428.0,3:20.80000000000001,3:37.120000000000005,3:23.929000000000002,3:40.248999999999995,115
4,tonic,valence,1,0.06567711479711867,2,2749.0,2882.0,1:49.959999999999994,1:55.28,1:57.66999999999999,2:2.989999999999995,63
5,tonic,arousal,1,0.11439238428650798,2,2273.0,2404.0,1:30.92,1:36.16,1:38.629999999999995,1:43.86999999999999,59
6,tonic,valence,2,-0.2565588591760805,3,5020.0,5428.0,3:20.80000000000001,3:37.120000000000005,3:23.929000000000002,3:40.248999999999995,115
7,tonic,arousal,2,0.0992182681251541,3,5020.0,5428.0,3:20.80000000000001,3:37.120000000000005,3:23.929000000000002,3:40.248999999999995,115
