{"Val\u00eancia between subjects": 0.0032130342673053025, "Arousal between subjects": 0.031575285646158115, "Valence and Arousal of subject 1": -0.061726487085750466, "Valence and Arousal of subject 2": -0.35407212876876054}